Model,R2 Score
Linear Regression,0.2768856464916485
Random Forest,-0.025040535449385448
