Metric,Value
MAE,7.785114849443857
MSE,80.70443966433082
R2 Score,0.2768856464916485
